Workbook

Sheet Instructions
A1: AI Use Case Inventory and Risk Register
A3: Companion to the AI Use Case Intake Form on the CTO Toolkit AI Governance Map (aligned to the IAPP AIGP Body of Knowledge v2.1).
A4: How to use it:
A5: 1. Use Case Inventory: one row per AI use case, including AI features inside products you already license. Blue text = your inputs.
A6: 2. Risk Tiering: answer the eight screening questions Y or N for each use case. The tier calculates automatically.
A7: 3. Model and System Inventory: one row per deployed model, index, or AI system version, so you can always answer which exact version produced an output.
A8: 4. Controls by Tier: the minimum controls each tier requires. Edit to match your own policy.
A9: Tier logic (edit on the Risk Tiering sheet if your policy differs):
A10: Tier 4 (high): any Yes to questions 1 or 2, or three or more Yes answers in total. Tier 3: any Yes to questions 3 to 6. Tier 2: any Yes to questions 7 or 8. Tier 1 (low): all No.
A11: Row 5 on each sheet is an example; overwrite or delete it.
A12: Not legal advice. Confirm regulatory classification with counsel. MIT licensed.

Sheet Use Case Inventory
A1: Use Case Inventory
A2: One row per AI use case. Tier pulls from the Risk Tiering sheet by ID.
A4: ID | B4: Use case | C4: Business owner | D4: Our role (developer / provider / deployer / user) | E4: Build / buy / embedded feature | F4: Vendor and model | G4: Personal data? | H4: Customer-facing? | I4: Risk tier (from Risk Tiering) | J4: Status | K4: Approved by | L4: Approval date | M4: Next re-assessment
A5: AI-001 | B5: Drafting replies to customer support tickets for agent review | C5: VP Customer Support | D5: deployer | E5: buy | F5: Vendor X assistant, model Y | G5: Y | H5: N | I5: =IF(A5="","",IFERROR(INDEX('Risk Tiering'!$L:$L,MATCH(A5,'Risk Tiering'!$A:$A,0)),"Not tiered")) -> Tier 3 | J5: Pilot | K5: AI forum | L5: 2026-09-15 | M5: 2027-03-15
I6: =IF(A6="","",IFERROR(INDEX('Risk Tiering'!$L:$L,MATCH(A6,'Risk Tiering'!$A:$A,0)),"Not tiered"))
I7: =IF(A7="","",IFERROR(INDEX('Risk Tiering'!$L:$L,MATCH(A7,'Risk Tiering'!$A:$A,0)),"Not tiered"))
I8: =IF(A8="","",IFERROR(INDEX('Risk Tiering'!$L:$L,MATCH(A8,'Risk Tiering'!$A:$A,0)),"Not tiered"))
I9: =IF(A9="","",IFERROR(INDEX('Risk Tiering'!$L:$L,MATCH(A9,'Risk Tiering'!$A:$A,0)),"Not tiered"))
I10: =IF(A10="","",IFERROR(INDEX('Risk Tiering'!$L:$L,MATCH(A10,'Risk Tiering'!$A:$A,0)),"Not tiered"))
I11: =IF(A11="","",IFERROR(INDEX('Risk Tiering'!$L:$L,MATCH(A11,'Risk Tiering'!$A:$A,0)),"Not tiered"))
I12: =IF(A12="","",IFERROR(INDEX('Risk Tiering'!$L:$L,MATCH(A12,'Risk Tiering'!$A:$A,0)),"Not tiered"))
I13: =IF(A13="","",IFERROR(INDEX('Risk Tiering'!$L:$L,MATCH(A13,'Risk Tiering'!$A:$A,0)),"Not tiered"))
I14: =IF(A14="","",IFERROR(INDEX('Risk Tiering'!$L:$L,MATCH(A14,'Risk Tiering'!$A:$A,0)),"Not tiered"))
I15: =IF(A15="","",IFERROR(INDEX('Risk Tiering'!$L:$L,MATCH(A15,'Risk Tiering'!$A:$A,0)),"Not tiered"))
I16: =IF(A16="","",IFERROR(INDEX('Risk Tiering'!$L:$L,MATCH(A16,'Risk Tiering'!$A:$A,0)),"Not tiered"))
I17: =IF(A17="","",IFERROR(INDEX('Risk Tiering'!$L:$L,MATCH(A17,'Risk Tiering'!$A:$A,0)),"Not tiered"))
... I104: =IF(A104="","",IFERROR(INDEX('Risk Tiering'!$L:$L,MATCH(A104,'Risk Tiering'!$A:$A,0)),"Not tiered"))

Sheet Risk Tiering
A1: Risk Tiering
A2: Answer Y or N. Tier 4 = any Yes to Q1 or Q2, or 3+ Yes; Tier 3 = any Yes to Q3 to Q6; Tier 2 = any Yes to Q7 or Q8; Tier 1 = none.
A4: ID | B4: Use case (from inventory) | C4: Q1 Affects employment, credit, insurance, housing, education, healthcare, or essential services | D4: Q2 Makes or shapes a decision about a person without human review | E4: Q3 Biometric data or inferred sensitive traits | F4: Q4 Error could cause physical, financial, or legal harm | G4: Q5 Customer-facing, or acts without approval | H4: Q6 Regulated product or process | I4: Q7 Generates public-facing content | J4: Q8 Hard to reverse once it reaches a customer or record | K4: Yes count | L4: Risk tier
A5: AI-001 | B5: =IF(A5="","",IFERROR(INDEX('Use Case Inventory'!$B:$B,MATCH(A5,'Use Case Inventory'!$A:$A,0)),"")) -> Drafting replies to customer support tickets for agent review | C5: N | D5: N | E5: N | F5: Y | G5: N | H5: N | I5: N | J5: N | K5: =IF(A5="","",COUNTIF(C5:J5,"Y")) -> 1 | L5: =IF(A5="","",IF(OR(C5="Y",D5="Y",K5>=3),"Tier 4",IF(COUNTIF(E5:H5,"Y")>0,"Tier 3",IF(COUNTIF(I5:J5,"Y")>0,"Tier 2","Tier 1")))) -> Tier 3
B6: =IF(A6="","",IFERROR(INDEX('Use Case Inventory'!$B:$B,MATCH(A6,'Use Case Inventory'!$A:$A,0)),"")) | K6: =IF(A6="","",COUNTIF(C6:J6,"Y")) | L6: =IF(A6="","",IF(OR(C6="Y",D6="Y",K6>=3),"Tier 4",IF(COUNTIF(E6:H6,"Y")>0,"Tier 3",IF(COUNTIF(I6:J6,"Y")>0,"Tier 2","Tier 1"))))
B7: =IF(A7="","",IFERROR(INDEX('Use Case Inventory'!$B:$B,MATCH(A7,'Use Case Inventory'!$A:$A,0)),"")) | K7: =IF(A7="","",COUNTIF(C7:J7,"Y")) | L7: =IF(A7="","",IF(OR(C7="Y",D7="Y",K7>=3),"Tier 4",IF(COUNTIF(E7:H7,"Y")>0,"Tier 3",IF(COUNTIF(I7:J7,"Y")>0,"Tier 2","Tier 1"))))
B8: =IF(A8="","",IFERROR(INDEX('Use Case Inventory'!$B:$B,MATCH(A8,'Use Case Inventory'!$A:$A,0)),"")) | K8: =IF(A8="","",COUNTIF(C8:J8,"Y")) | L8: =IF(A8="","",IF(OR(C8="Y",D8="Y",K8>=3),"Tier 4",IF(COUNTIF(E8:H8,"Y")>0,"Tier 3",IF(COUNTIF(I8:J8,"Y")>0,"Tier 2","Tier 1"))))
B9: =IF(A9="","",IFERROR(INDEX('Use Case Inventory'!$B:$B,MATCH(A9,'Use Case Inventory'!$A:$A,0)),"")) | K9: =IF(A9="","",COUNTIF(C9:J9,"Y")) | L9: =IF(A9="","",IF(OR(C9="Y",D9="Y",K9>=3),"Tier 4",IF(COUNTIF(E9:H9,"Y")>0,"Tier 3",IF(COUNTIF(I9:J9,"Y")>0,"Tier 2","Tier 1"))))
B10: =IF(A10="","",IFERROR(INDEX('Use Case Inventory'!$B:$B,MATCH(A10,'Use Case Inventory'!$A:$A,0)),"")) | K10: =IF(A10="","",COUNTIF(C10:J10,"Y")) | L10: =IF(A10="","",IF(OR(C10="Y",D10="Y",K10>=3),"Tier 4",IF(COUNTIF(E10:H10,"Y")>0,"Tier 3",IF(COUNTIF(I10:J10,"Y")>0,"Tier 2","Tier 1"))))
B11: =IF(A11="","",IFERROR(INDEX('Use Case Inventory'!$B:$B,MATCH(A11,'Use Case Inventory'!$A:$A,0)),"")) | K11: =IF(A11="","",COUNTIF(C11:J11,"Y")) | L11: =IF(A11="","",IF(OR(C11="Y",D11="Y",K11>=3),"Tier 4",IF(COUNTIF(E11:H11,"Y")>0,"Tier 3",IF(COUNTIF(I11:J11,"Y")>0,"Tier 2","Tier 1"))))
B12: =IF(A12="","",IFERROR(INDEX('Use Case Inventory'!$B:$B,MATCH(A12,'Use Case Inventory'!$A:$A,0)),"")) | K12: =IF(A12="","",COUNTIF(C12:J12,"Y")) | L12: =IF(A12="","",IF(OR(C12="Y",D12="Y",K12>=3),"Tier 4",IF(COUNTIF(E12:H12,"Y")>0,"Tier 3",IF(COUNTIF(I12:J12,"Y")>0,"Tier 2","Tier 1"))))
B13: =IF(A13="","",IFERROR(INDEX('Use Case Inventory'!$B:$B,MATCH(A13,'Use Case Inventory'!$A:$A,0)),"")) | K13: =IF(A13="","",COUNTIF(C13:J13,"Y")) | L13: =IF(A13="","",IF(OR(C13="Y",D13="Y",K13>=3),"Tier 4",IF(COUNTIF(E13:H13,"Y")>0,"Tier 3",IF(COUNTIF(I13:J13,"Y")>0,"Tier 2","Tier 1"))))
B14: =IF(A14="","",IFERROR(INDEX('Use Case Inventory'!$B:$B,MATCH(A14,'Use Case Inventory'!$A:$A,0)),"")) | K14: =IF(A14="","",COUNTIF(C14:J14,"Y")) | L14: =IF(A14="","",IF(OR(C14="Y",D14="Y",K14>=3),"Tier 4",IF(COUNTIF(E14:H14,"Y")>0,"Tier 3",IF(COUNTIF(I14:J14,"Y")>0,"Tier 2","Tier 1"))))
B15: =IF(A15="","",IFERROR(INDEX('Use Case Inventory'!$B:$B,MATCH(A15,'Use Case Inventory'!$A:$A,0)),"")) | K15: =IF(A15="","",COUNTIF(C15:J15,"Y")) | L15: =IF(A15="","",IF(OR(C15="Y",D15="Y",K15>=3),"Tier 4",IF(COUNTIF(E15:H15,"Y")>0,"Tier 3",IF(COUNTIF(I15:J15,"Y")>0,"Tier 2","Tier 1"))))
B16: =IF(A16="","",IFERROR(INDEX('Use Case Inventory'!$B:$B,MATCH(A16,'Use Case Inventory'!$A:$A,0)),"")) | K16: =IF(A16="","",COUNTIF(C16:J16,"Y")) | L16: =IF(A16="","",IF(OR(C16="Y",D16="Y",K16>=3),"Tier 4",IF(COUNTIF(E16:H16,"Y")>0,"Tier 3",IF(COUNTIF(I16:J16,"Y")>0,"Tier 2","Tier 1"))))
B17: =IF(A17="","",IFERROR(INDEX('Use Case Inventory'!$B:$B,MATCH(A17,'Use Case Inventory'!$A:$A,0)),"")) | K17: =IF(A17="","",COUNTIF(C17:J17,"Y")) | L17: =IF(A17="","",IF(OR(C17="Y",D17="Y",K17>=3),"Tier 4",IF(COUNTIF(E17:H17,"Y")>0,"Tier 3",IF(COUNTIF(I17:J17,"Y")>0,"Tier 2","Tier 1"))))
... B104: =IF(A104="","",IFERROR(INDEX('Use Case Inventory'!$B:$B,MATCH(A104,'Use Case Inventory'!$A:$A,0)),"")) | K104: =IF(A104="","",COUNTIF(C104:J104,"Y")) | L104: =IF(A104="","",IF(OR(C104="Y",D104="Y",K104>=3),"Tier 4",IF(COUNTIF(E104:H104,"Y")>0,"Tier 3",IF(COUNTIF(I104:J104,"Y")>0,"Tier 2","Tier 1"))))

Sheet Model and System Inventory
A1: Model and System Inventory
A2: One row per deployed version. Add a new row on every model, index, or prompt change; do not overwrite.
A4: Use case ID | B4: Component (model, index, prompt set, agent) | C4: Provider | D4: Exact version or ID | E4: Deployed date | F4: Evaluation rubric and score at release | G4: Approved by | H4: Monitoring in place (drift, groundedness) | I4: Rollback target version | J4: Owner | K4: Next review
A5: AI-001 | B5: Generation model | C5: Vendor X | D5: model-y-2026-08-01 | E5: 2026-09-20 | F5: Support rubric v2: 4.3 / 5 | G5: AI forum | H5: Weekly groundedness sample; drift alert | I5: model-y-2026-05-10 | J5: Support platform lead | K5: 2026-12-20

Sheet Controls by Tier
A1: Controls by Tier
A2: Minimum controls by tier. R = required, O = optional. Edit to match your policy.
A4: Control | B4: Tier 1 | C4: Tier 2 | D4: Tier 3 | E4: Tier 4 | F4: AIGP competency
A5: Entry in the use case inventory with a named owner | B5: R | C5: R | D5: R | E5: R | F5: I.B
A6: Acceptable use policy applies; approved tool only | B6: R | C6: R | D6: R | E6: R | F6: I.C
A7: Vendor terms reviewed (training on data, retention, change notice) | B7: O | C7: R | D7: R | E7: R | F7: IV.B
A8: Privacy review / DPIA where personal data is involved | B8: O | C8: R | D8: R | E8: R | F8: II.A
A9: Evaluation against a written rubric before release | B9: O | C9: R | D9: R | E9: R | F9: III.C
A10: Disclosure that users are interacting with AI | B10: O | C10: R | D10: R | E10: R | F10: IV.C
A11: Output guardrails (schema, citations, content filters) | B11: O | C11: O | D11: R | E11: R | F11: III.C
A12: Bias and fairness testing | B12: O | C12: O | D12: R | E12: R | F12: III.B
A13: Logging sufficient to reconstruct any output | B13: O | C13: R | D13: R | E13: R | F13: III.C
A14: Human review before the output takes effect | B14: O | C14: O | D14: R | E14: R | F14: IV.C
A15: Impact assessment (ISO/IEC 42005 structure; FRIA where required) | B15: O | C15: O | D15: R | E15: R | F15: III.A
... A21: Executive risk acceptance recorded in the register, reviewed at least annually | B21: O | C21: O | D21: O | E21: R | F21: I.C
