Workbook

Sheet README
A1: Technology Due Diligence Scoring Workbook (Preview)
A3: Purpose
A4: This workbook provides a systematic framework for scoring technology due diligence findings across eight domains and assessing integration complexity. It is designed for use during confirmatory or exclusivity diligence on healthcare and SaaS technology acquisitions.
A7: Workbook Structure
A8: Sheet | B8: Purpose | C8: When to Use
A9: README | B9: Instructions and guide | C9: Start here
A10: Deal Context | B10: Deal parameters and scoring weights | C10: Complete at engagement start
A11: Domain Scoring | B11: Eight-domain assessment with 1-5 scoring | C11: Primary diligence worksheet
A12: Integration Complexity | B12: Seven-dimension integration assessment | C12: After domain scoring
A13: Red Flags | B13: Pattern library of critical findings | C13: Reference during assessment
A14: Findings Log | B14: Individual finding tracking with severity | C14: Throughout engagement
A15: Cost Estimator | B15: Integration cost projection based on complexity | C15: After complexity scoring
A16: Executive Summary | B16: Auto-generated summary for deal team | C16: Final output
A18: Scoring Conventions
A19: Score | B19: Meaning | C19: Implication
A20: 1 | B20: Excellent | C20: No action required; potential strength
A21: 2 | B21: Solid | C21: Minor attention in integration planning
A22: 3 | B22: Functional with gaps | C22: Material investment in integration or remediation
A23: 4 | B23: Significant concerns | C23: Substantial investment; consider deal structure adjustment
A24: 5 | B24: Critical | C24: May affect deal viability; requires deal team attention
A26: Color Coding
A27: Blue text | B27: Inputs you will customize for this deal
A28: Black text | B28: Formulas and calculations (do not modify)
A29: Green text | B29: Links pulling from other sheets in this workbook
A30: Yellow background | B30: Key assumptions requiring attention
A32: About this preview
A33: The structure, scales, scoring guidance, findings log, and executive summary are complete and usable as they stand. Three things are held back: calibrated domain and integration weights by deal type, the full red flag library, and the integration cost bands from engagement history. Each is marked where it would sit.

Sheet Deal Context
A1: Deal Context and Scoring Weights
A3: Deal Parameters
A4: Target Company Name | B4: [Enter target name]
A5: Deal Type | B5: [Strategic / PE / Growth / Carveout]
A6: Indicative Deal Value ($M) | B6: 100
A7: Diligence Start Date | B7: [Date]
A8: Diligence Duration (weeks) | B8: 4
A9: Deal Team Lead | B9: [Name]
A10: Diligence Lead | B10: [Name]
A11: Integration Lead | B11: [Name]
A14: Deal Thesis
A15: Primary Thesis | B15: [Cost synergies / Customer expansion / Capability acquisition / Market access]
A16: Synergy Target ($M) | B16: 10
A19: Domain Scoring Weights
A20: Adjust weights based on deal thesis. Weights should sum to 100%. This preview ships with even weights; calibrated weights by deal type are part of the full workbook.
A21: Domain | B21: Weight | C21: Rationale
A22: Architecture and Technology | B22: 0.125 | C22: Even default. Calibrate to the deal thesis.
A23: Security Posture | B23: 0.125 | C23: Even default. Calibrate to the deal thesis.
A24: Regulatory Compliance | B24: 0.125 | C24: Even default. Calibrate to the deal thesis.
A25: Data and Data Management | B25: 0.125 | C25: Even default. Calibrate to the deal thesis.
A26: Operations and Reliability | B26: 0.125 | C26: Even default. Calibrate to the deal thesis.
A27: Engineering Organization and Talent | B27: 0.125 | C27: Even default. Calibrate to the deal thesis.
A28: Intellectual Property and Third-Party | B28: 0.125 | C28: Even default. Calibrate to the deal thesis.
A29: Healthcare-Specific | B29: 0.125 | C29: Even default. Calibrate to the deal thesis.
A30: Total | B30: =SUM(B22:B29) -> 1 | C30: Must equal 100% | D30: =IF(ABS(B30-1)<0.001,"OK","Weights sum to "&TEXT(B30,"0.0%")&"; scores are normalized") -> OK
A33: Integration Dimension Weights
A34: Weight integration dimensions based on deal thesis.
A35: Dimension | B35: Weight | C35: Rationale
A36: Architecture Compatibility | B36: 0.14285714 | C36: Even default. Calibrate to the deal thesis.
A37: Data Model Compatibility | B37: 0.14285714 | C37: Even default. Calibrate to the deal thesis.
A38: Identity and Access Management | B38: 0.14285714 | C38: Even default. Calibrate to the deal thesis.
A39: Security and Compliance | B39: 0.14285714 | C39: Even default. Calibrate to the deal thesis.
A40: Integration Surface Area | B40: 0.14285714 | C40: Even default. Calibrate to the deal thesis.
A41: Operational Compatibility | B41: 0.14285714 | C41: Even default. Calibrate to the deal thesis.
A42: Team and Cultural Compatibility | B42: 0.14285714 | C42: Even default. Calibrate to the deal thesis.
A43: Total | B43: =SUM(B36:B42) -> 1 | C43: Must equal 100% | D43: =IF(ABS(B43-1)<0.001,"OK","Weights sum to "&TEXT(B43,"0.0%")&"; scores are normalized") -> OK

Sheet Domain Scoring
A1: Eight-Domain Technology Assessment
A3: Score each domain 1 (excellent) to 5 (critical). Document evidence supporting the score. Overall score is weighted average from Deal Context sheet.
A6: Domain | B6: Score (1-5) | C6: Weight | D6: Weighted | E6: Evidence Summary | F6: Key Findings
A7: Architecture and Technology | B7: 3 | C7: ='Deal Context'!B22 -> 0.125 | D7: =B7*C7 -> 0.375 | E7: [Document evidence supporting score] | F7: [Key findings from domain assessment]
A8: Security Posture | B8: 3 | C8: ='Deal Context'!B23 -> 0.125 | D8: =B8*C8 -> 0.375 | E8: [Document evidence supporting score] | F8: [Key findings from domain assessment]
A9: Regulatory Compliance | B9: 3 | C9: ='Deal Context'!B24 -> 0.125 | D9: =B9*C9 -> 0.375 | E9: [Document evidence supporting score] | F9: [Key findings from domain assessment]
A10: Data and Data Management | B10: 3 | C10: ='Deal Context'!B25 -> 0.125 | D10: =B10*C10 -> 0.375 | E10: [Document evidence supporting score] | F10: [Key findings from domain assessment]
A11: Operations and Reliability | B11: 3 | C11: ='Deal Context'!B26 -> 0.125 | D11: =B11*C11 -> 0.375 | E11: [Document evidence supporting score] | F11: [Key findings from domain assessment]
A12: Engineering Organization and Talent | B12: 3 | C12: ='Deal Context'!B27 -> 0.125 | D12: =B12*C12 -> 0.375 | E12: [Document evidence supporting score] | F12: [Key findings from domain assessment]
A13: Intellectual Property and Third-Party | B13: 3 | C13: ='Deal Context'!B28 -> 0.125 | D13: =B13*C13 -> 0.375 | E13: [Document evidence supporting score] | F13: [Key findings from domain assessment]
A14: Healthcare-Specific | B14: 3 | C14: ='Deal Context'!B29 -> 0.125 | D14: =B14*C14 -> 0.375 | E14: [Document evidence supporting score] | F14: [Key findings from domain assessment]
A15: OVERALL SCORE | B15: =IFERROR(SUMPRODUCT(B7:B14,C7:C14)/SUM(C7:C14),0) -> 3 | C15: =SUM(C7:C14) -> 1 | D15: Weighted
A17: Domain Scoring Guidance
A18: Score | B18: Architecture | C18: Security | D18: Compliance | E18: Data | F18: Operations | G18: Healthcare
A19: 1 | B19: Modern, documented, scalable | C19: Mature program, current certs, clean history | D19: Current certifications, clean history | E19: Mature management, clear governance | F19: Elite DORA, proven reliability | G19: Clean HIPAA/HITRUST history, current certs, no investigations
A20: 2 | B20: Solid with minor improvement | C20: Solid with minor gaps | D20: Solid with minor gaps | E20: Solid with minor improvements | F20: Solid with minor improvements | G20: Solid healthcare compliance with minor gaps
A21: 3 | B21: Functional with modernization needs | C21: Functional with material gaps | D21: Functional with material gaps | E21: Functional with gaps | F21: Functional with gaps | G21: Functional with material BAA or HITRUST scope gaps
A22: 4 | B22: Significant architectural concerns | C22: Significant security concerns | D22: Significant compliance concerns | E22: Significant data concerns | F22: Significant operational concerns | G22: Significant healthcare compliance concerns or recent breaches
A23: 5 | B23: End of life or incompatible | C23: Critical posture, active incidents | D23: Critical exposure, active proceedings | E23: Critical data integrity issues | F23: Critical operational issues | G23: Critical: active OCR/OIG investigation or major HIPAA breach

Sheet Integration Complexity
A1: Integration Complexity Assessment
A3: Score each dimension 1 (low complexity) to 5 (high complexity). Weighted score drives timeline and cost projections.
A6: Dimension | B6: Score (1-5) | C6: Weight | D6: Weighted | E6: Notes | F6: Risk Level
A7: Architecture Compatibility | B7: 3 | C7: ='Deal Context'!B36 -> 0.14285714 | D7: =B7*C7 -> 0.42857143 | E7: [Observations and concerns] | F7: =IF(B7>=4,"HIGH",IF(B7=3,"MEDIUM","LOW")) -> MEDIUM
A8: Data Model Compatibility | B8: 3 | C8: ='Deal Context'!B37 -> 0.14285714 | D8: =B8*C8 -> 0.42857143 | E8: [Observations and concerns] | F8: =IF(B8>=4,"HIGH",IF(B8=3,"MEDIUM","LOW")) -> MEDIUM
A9: Identity and Access Management | B9: 3 | C9: ='Deal Context'!B38 -> 0.14285714 | D9: =B9*C9 -> 0.42857143 | E9: [Observations and concerns] | F9: =IF(B9>=4,"HIGH",IF(B9=3,"MEDIUM","LOW")) -> MEDIUM
A10: Security and Compliance | B10: 3 | C10: ='Deal Context'!B39 -> 0.14285714 | D10: =B10*C10 -> 0.42857143 | E10: [Observations and concerns] | F10: =IF(B10>=4,"HIGH",IF(B10=3,"MEDIUM","LOW")) -> MEDIUM
A11: Integration Surface Area | B11: 3 | C11: ='Deal Context'!B40 -> 0.14285714 | D11: =B11*C11 -> 0.42857143 | E11: [Observations and concerns] | F11: =IF(B11>=4,"HIGH",IF(B11=3,"MEDIUM","LOW")) -> MEDIUM
A12: Operational Compatibility | B12: 3 | C12: ='Deal Context'!B41 -> 0.14285714 | D12: =B12*C12 -> 0.42857143 | E12: [Observations and concerns] | F12: =IF(B12>=4,"HIGH",IF(B12=3,"MEDIUM","LOW")) -> MEDIUM
A13: Team and Cultural Compatibility | B13: 3 | C13: ='Deal Context'!B42 -> 0.14285714 | D13: =B13*C13 -> 0.42857143 | E13: [Observations and concerns] | F13: =IF(B13>=4,"HIGH",IF(B13=3,"MEDIUM","LOW")) -> MEDIUM
A14: OVERALL COMPLEXITY | B14: =IFERROR(SUMPRODUCT(B7:B13,C7:C13)/SUM(C7:C13),0) -> 3 | C14: =SUM(C7:C13) -> 1
A16: Score Translation
A17: Score Range | B17: Timeline Range | C17: Cost as % of Deal Value | D17: Integration Character
A18: 1.0 - 1.9 | B18: 3-6 months | C18: 3-8% | D18: Straightforward integration
A19: 2.0 - 2.9 | B19: 6-12 months | C19: 8-15% | D19: Standard integration with manageable complexity
A20: 3.0 - 3.9 | B20: 12-18 months | C20: 15-25% | D20: Complex integration requiring careful planning
A21: 4.0 - 4.9 | B21: 18-30 months | C21: 25-40% | D21: Highly complex integration, significant risk
A22: 5.0 | B22: 30+ months or infeasible | C22: 40%+ or deal-breaking | D22: Fundamental incompatibility

Sheet Red Flags
A1: Red Flag Pattern Library
A3: Reference during assessment. Mark applicable flags. Each flag present should inform scoring and findings.
A5: Domain | B5: Red Flag | C5: Severity | D5: Present? | E5: Notes
A6: Architecture | B6: Undocumented architecture | C6: Significant
A7: Architecture | B7: Heavy reliance on end-of-life technology | C7: Significant
A8: Security | B8: Expired security certifications | C8: Significant
A9: Security | B9: Unremediated critical/high penetration test findings | C9: Critical
A10: Compliance | B10: Active regulatory proceedings | C10: Critical
A11: Compliance | B11: Material regulatory findings in past 36 months | C11: Significant
A12: Data | B12: No data classification | C12: Significant
A13: Data | B13: Known data quality issues affecting operations | C13: Material
A14: Operations | B14: No DORA metrics tracking | C14: Significant
A15: Operations | B15: Chronic incident patterns | C15: Significant
A16: Organization | B16: Elevated voluntary attrition (>20% annual) | C16: Significant
A17: Organization | B17: Key person concentration in 1-2 individuals | C17: Critical
... A21: Healthcare | B21: Open HIPAA breach notifications | C21: Critical
A22: Preview: two illustrative patterns per domain. The full library holds roughly fifty patterns with severity and deal-implication notes, and is part of the full workbook.

Sheet Findings Log
A1: Detailed Findings Log
A3: Document individual findings with severity, evidence, and deal implications.
A5: ID | B5: Date | C5: Domain | D5: Finding | E5: Severity | F5: Evidence | G5: Deal Implication | H5: Status
A6: F-001
A7: F-002
A8: F-003
A9: F-004
A10: F-005
A11: F-006
A12: F-007
A13: F-008
A14: F-009
A15: F-010
A16: F-011
A17: F-012
... A55: F-050

Sheet Cost Estimator
A1: Integration Cost Estimator
A2: Integration cost projection from complexity score and deal value. In this preview the percentage bands and timelines are inputs; enter figures from your own deal history.
A3: Integration cost projection based on complexity score and deal value.
A5: Inputs
A6: Deal Value ($M) | B6: ='Deal Context'!B6 -> 100
A7: Integration Complexity Score | B7: ='Integration Complexity'!B14 -> 3
A9: Cost Projection
A10: Scenario | B10: Cost as % of Deal | C10: Estimated Cost ($M) | D10: Timeline
A11: Low estimate | B11: 0.1 | C11: =B6*B11 -> 10 | D11: [estimate]
A12: High estimate | B12: 0.25 | C12: =B6*B12 -> 25 | D12: [estimate]
A13: Midpoint | B13: =(B11+B12)/2 -> 0.175 | C13: =B6*B13 -> 17.5
A16: Cost Categories
A17: Typical cost allocation across integration categories:
A18: Category | B18: Low % | C18: High % | D18: Notes
A19: Technology integration (systems, data, identity) | B19: [calibrate] | C19: [calibrate] | D19: Platform consolidation and connection
A20: Organizational integration (people, culture) | B20: [calibrate] | C20: [calibrate] | D20: Retention, restructuring, training
A21: External services (advisors, specialists) | B21: [calibrate] | C21: [calibrate] | D21: Consultants, legal, specialist support
A22: Compliance and regulatory | B22: [calibrate] | C22: [calibrate] | D22: Certifications, audits, re-assessments
A23: Customer-facing changes | B23: [calibrate] | C23: [calibrate] | D23: Migration support, communications
A24: Contingency | B24: [calibrate] | C24: [calibrate] | D24: Unknown unknowns
A25: Total
A27: Illustrative placeholders only. The calibrated bands by complexity score and the category allocation come from engagement history and are part of the full workbook.

Sheet Executive Summary
A1: Technology Diligence Executive Summary
A3: Target | B3: ='Deal Context'!B4 -> [Enter target name]
A4: Deal Value | B4: ='Deal Context'!B6 -> 100
A5: Deal Type | B5: ='Deal Context'!B5 -> [Strategic / PE / Growth / Carveout]
A7: Overall Assessment
A8: Domain Score | B8: ='Domain Scoring'!B15 -> 3 | C8: =IF(B8<2,"Low risk",IF(B8<3,"Moderate",IF(B8<4,"Material concerns","Critical concerns"))) -> Material concerns
A9: Integration Complexity | B9: ='Integration Complexity'!B14 -> 3 | C9: =IF(B9<2,"Straightforward",IF(B9<3,"Standard",IF(B9<4,"Complex","Highly complex"))) -> Complex
A10: Integration Cost (Midpoint) | B10: ='Cost Estimator'!C13 -> 17.5
A11: Red flags marked present | B11: =COUNTIF('Red Flags'!D6:D21,"Yes") -> 0 | C11: =COUNTIFS('Red Flags'!C6:C21,"Critical",'Red Flags'!D6:D21,"Yes")&" critical" -> 0 critical
A12: Domain Summary
A13: Domain | B13: Score | C13: Risk Level
A14: Architecture and Technology | B14: ='Domain Scoring'!B7 -> 3 | C14: =IF(B14>=4,"HIGH",IF(B14=3,"MEDIUM","LOW")) -> MEDIUM
A15: Security Posture | B15: ='Domain Scoring'!B8 -> 3 | C15: =IF(B15>=4,"HIGH",IF(B15=3,"MEDIUM","LOW")) -> MEDIUM
A16: Regulatory Compliance | B16: ='Domain Scoring'!B9 -> 3 | C16: =IF(B16>=4,"HIGH",IF(B16=3,"MEDIUM","LOW")) -> MEDIUM
A17: Data and Data Management | B17: ='Domain Scoring'!B10 -> 3 | C17: =IF(B17>=4,"HIGH",IF(B17=3,"MEDIUM","LOW")) -> MEDIUM
A18: Operations and Reliability | B18: ='Domain Scoring'!B11 -> 3 | C18: =IF(B18>=4,"HIGH",IF(B18=3,"MEDIUM","LOW")) -> MEDIUM
A19: Engineering Organization and Talent | B19: ='Domain Scoring'!B12 -> 3 | C19: =IF(B19>=4,"HIGH",IF(B19=3,"MEDIUM","LOW")) -> MEDIUM
A20: Intellectual Property and Third-Party | B20: ='Domain Scoring'!B13 -> 3 | C20: =IF(B20>=4,"HIGH",IF(B20=3,"MEDIUM","LOW")) -> MEDIUM
A21: Healthcare-Specific | B21: ='Domain Scoring'!B14 -> 3 | C21: =IF(B21>=4,"HIGH",IF(B21=3,"MEDIUM","LOW")) -> MEDIUM
A23: Recommendations
